nombre,empresa,email,telefono,instagram,linkedin,ciudad,pais,nicho,vertical,url,fuente,fecha,status,oyentes,reproducciones,engagement_por_oyente,generos
,Colombia Tours Empresa De Turismo,alonsotierrasymares@hotmail.com,+57 300 7042153,,,Medellin,Colombia,agencia_viajes,empresas,,openstreetmap,2026-09-17,pendiente,,,,
,Mochi-Llín Company,mochillinhouse@gmail.com,+57 300 5173610,,,Medellin,Colombia,agencia_viajes,empresas,,openstreetmap,2026-09-17,pendiente,,,,
,Avior Airlines,gerentebog@avior.com.ve,+57-4-???,,,Medellin,Colombia,agencia_viajes,empresas,,openstreetmap,2026-09-17,pendiente,,,,
,Adrenaline Addict - Motorbike rental,adrenalineaddictscolombia@gmail.com,+57 301 6686092,https://www.instagram.com/adrenalineaddictsmoto/,,Medellin,Colombia,agencia_viajes,empresas,https://www.adrenalineaddicts.co,openstreetmap,2026-09-17,pendiente,,,,
,Centro de Salud El Salvador,rodrigomontoya08@hotmail.com,,,,Medellin,Colombia,dermatologo,empresas,,openstreetmap,2026-09-17,pendiente,,,,
,El Dorado Tours,,,,,Medellin,Colombia,agencia_viajes,empresas,,openstreetmap,2026-09-17,pendiente,,,,
,V.I.T. Tours Medellín,,,,,Medellin,Colombia,agencia_viajes,empresas,,openstreetmap,2026-09-17,pendiente,,,,
,BeColombia,,,,,Medellin,Colombia,agencia_viajes,empresas,,openstreetmap,2026-09-17,pendiente,,,,
,Viajes Geo Tours,,,,,Medellin,Colombia,agencia_viajes,empresas,,openstreetmap,2026-09-17,pendiente,,,,
,"Agencia de Viajes, Servi Unidas",,+57 310 8452462,,,Medellin,Colombia,agencia_viajes,empresas,https://serviunidas.com.co/,openstreetmap,2026-09-17,pendiente,,,,
,Arcadia Viajes Medellín,,+57 310 7709309,,,Medellin,Colombia,agencia_viajes,empresas,https://arcadia-viajes.com/,openstreetmap,2026-09-17,pendiente,,,,
,Coltours,,,,,Medellin,Colombia,agencia_viajes,empresas,,openstreetmap,2026-09-17,pendiente,,,,
,Logitur,,,,,Medellin,Colombia,agencia_viajes,empresas,,openstreetmap,2026-09-17,pendiente,,,,
,Sag Comuna 13,,,https://help.instagram.com/,,Medellin,Colombia,agencia_viajes,empresas,https://www.instagram.com/sagtourmedellin/?igsh=MW5ubW1hMzB1ZDd1cg%3D%3D#,openstreetmap,2026-09-17,pendiente,,,,
,Viajes Bon Air,,,,,Medellin,Colombia,agencia_viajes,empresas,,openstreetmap,2026-09-17,pendiente,,,,
,Honda,,,,,Medellin,Colombia,autos_alta_gama,empresas,,openstreetmap,2026-09-17,pendiente,,,,
,Autolarte,,,,,Medellin,Colombia,autos_alta_gama,empresas,,openstreetmap,2026-09-17,pendiente,,,,
,Hyundai,,,,,Medellin,Colombia,autos_alta_gama,empresas,,openstreetmap,2026-09-17,pendiente,,,,
,El Roble Motor,,+57 604 3549500,,,Medellin,Colombia,autos_alta_gama,empresas,https://roblemotor.com/,openstreetmap,2026-09-17,pendiente,,,,
,El roble motor,,+57 604 3211111,,,Medellin,Colombia,autos_alta_gama,empresas,,openstreetmap,2026-09-17,pendiente,,,,
,Praco Didacol,,,,,Medellin,Colombia,autos_alta_gama,empresas,,openstreetmap,2026-09-17,pendiente,,,,
,Kia Motors,,,,,Medellin,Colombia,autos_alta_gama,empresas,,openstreetmap,2026-09-17,pendiente,,,,
,Viratto,,+57 311 7648209,,,Medellin,Colombia,autos_alta_gama,empresas,https://www.viratto.com/,openstreetmap,2026-09-17,pendiente,,,,
,Montoautos,,,,,Medellin,Colombia,autos_alta_gama,empresas,,openstreetmap,2026-09-17,pendiente,,,,
,Consecionario  Los Gomez,,,,,Medellin,Colombia,autos_alta_gama,empresas,,openstreetmap,2026-09-17,pendiente,,,,
,Consecionario  CARLAURELES,,,,,Medellin,Colombia,autos_alta_gama,empresas,,openstreetmap,2026-09-17,pendiente,,,,
,Taller Automotris COORDINAUTOS,,,,,Medellin,Colombia,autos_alta_gama,empresas,,openstreetmap,2026-09-17,pendiente,,,,
,Los Autos Multimarcas,,,,,Medellin,Colombia,autos_alta_gama,empresas,,openstreetmap,2026-09-17,pendiente,,,,
,Caribe Motor,,,,,Medellin,Colombia,autos_alta_gama,empresas,,openstreetmap,2026-09-17,pendiente,,,,
,Rivana,,,,,Medellin,Colombia,autos_alta_gama,empresas,,openstreetmap,2026-09-17,pendiente,,,,
,Andar Chevrolet Laureles,,,,,Medellin,Colombia,autos_alta_gama,empresas,,openstreetmap,2026-09-17,pendiente,,,,
,Renault Casa Britanica,,,,,Medellin,Colombia,autos_alta_gama,empresas,,openstreetmap,2026-09-17,pendiente,,,,
,Andar,,,,,Medellin,Colombia,autos_alta_gama,empresas,,openstreetmap,2026-09-17,pendiente,,,,
,Vehículos del Camino,,,,,Medellin,Colombia,autos_alta_gama,empresas,,openstreetmap,2026-09-17,pendiente,,,,
,Auto Bulerias,,,,,Medellin,Colombia,autos_alta_gama,empresas,,openstreetmap,2026-09-17,pendiente,,,,
,Toyota Autoamérica,,,,,Medellin,Colombia,autos_alta_gama,empresas,,openstreetmap,2026-09-17,pendiente,,,,
,Serad,,,,,Medellin,Colombia,dermatologo,empresas,,openstreetmap,2026-09-17,pendiente,,,,
,Centro de Salud Loreto,,,,,Medellin,Colombia,dermatologo,empresas,,openstreetmap,2026-09-17,pendiente,,,,
,Saludcoop Laureles,,,,,Medellin,Colombia,dermatologo,empresas,,openstreetmap,2026-09-17,pendiente,,,,
,Centro de Salud - Pinares de Oriente,,,,,Medellin,Colombia,dermatologo,empresas,,openstreetmap,2026-09-17,pendiente,,,,
,IPS Universitaria - Sede Prado,,,,,Medellin,Colombia,dermatologo,empresas,,openstreetmap,2026-09-17,pendiente,,,,
,hermanitas hospitalarias del sagrado corazón,,,,,Medellin,Colombia,dermatologo,empresas,,openstreetmap,2026-09-17,pendiente,,,,
,Remy ips Medellín,,,,,Medellin,Colombia,dermatologo,empresas,,openstreetmap,2026-09-17,pendiente,,,,
,Coomeva EPS,,,,,Medellin,Colombia,dermatologo,empresas,,openstreetmap,2026-09-17,pendiente,,,,
,OFEX,,,,,Medellin,Colombia,dermatologo,empresas,,openstreetmap,2026-09-17,pendiente,,,,
,Clínica Emmsa,,,,,Medellin,Colombia,dermatologo,empresas,,openstreetmap,2026-09-17,pendiente,,,,
,Clínica Laser De Piel,,,,,Medellin,Colombia,dermatologo,empresas,,openstreetmap,2026-09-17,pendiente,,,,
,Salud total,,,,,Medellin,Colombia,dermatologo,empresas,,openstreetmap,2026-09-17,pendiente,,,,
,Suxi Medical,,,,,Medellin,Colombia,dermatologo,empresas,,openstreetmap,2026-09-17,pendiente,,,,
,Incodol,,,,,Medellin,Colombia,dermatologo,empresas,,openstreetmap,2026-09-17,pendiente,,,,
,Clínica de Oncología Astorga,,,,,Medellin,Colombia,dermatologo,empresas,,openstreetmap,2026-09-17,pendiente,,,,
,Consultorio Medico,,,,,Medellin,Colombia,dermatologo,empresas,,openstreetmap,2026-09-17,pendiente,,,,
,Salud en casa EPS Sura,,,,,Medellin,Colombia,dermatologo,empresas,,openstreetmap,2026-09-17,pendiente,,,,
,Centro medico a 67,,,,,Medellin,Colombia,dermatologo,empresas,,openstreetmap,2026-09-17,pendiente,,,,
,SURA Comfama,,,,,Medellin,Colombia,dermatologo,empresas,,openstreetmap,2026-09-17,pendiente,,,,
,IPS Universitaria,,,,,Medellin,Colombia,dermatologo,empresas,,openstreetmap,2026-09-17,pendiente,,,,
,Salud Visual San Diego,,,,,Medellin,Colombia,dermatologo,empresas,,openstreetmap,2026-09-17,pendiente,,,,
,Centro de salud Enciso,,,,,Medellin,Colombia,dermatologo,empresas,,openstreetmap,2026-09-17,pendiente,,,,
,Centro Médico San Camilo,,+57 3018226,,,Medellin,Colombia,dermatologo,empresas,,openstreetmap,2026-09-17,pendiente,,,,
,IPS universitaria Leon XIII,,,,,Medellin,Colombia,dermatologo,empresas,,openstreetmap,2026-09-17,pendiente,,,,
,Centro de Salud Carpinello,,+57 604 5285559,,,Medellin,Colombia,dermatologo,empresas,,openstreetmap,2026-09-17,pendiente,,,,
,Metrosalud Enciso,,+57 604 2842434,,,Medellin,Colombia,dermatologo,empresas,,openstreetmap,2026-09-17,pendiente,,,,
,Centro de Salud Pablo Vi,,+57 4 4611213;+57 4 4618918,,,Medellin,Colombia,dermatologo,empresas,,openstreetmap,2026-09-17,pendiente,,,,
,Supinar Fisioterapia,,+57 604 4448682,https://www.instagram.com/supinarips/,,Medellin,Colombia,fisioterapeuta,empresas,https://www.supinarips.com.co/,openstreetmap,2026-09-17,pendiente,,,,
,Fisioterapia,,,,,Medellin,Colombia,fisioterapeuta,empresas,,openstreetmap,2026-09-17,pendiente,,,,
,Wakeup Rehabilitación Funcional,,,,,Medellin,Colombia,fisioterapeuta,empresas,,openstreetmap,2026-09-17,pendiente,,,,
,Centro Odontológico Medici,,+57 302 6397083,,,Medellin,Colombia,odontologos,empresas,,openstreetmap,2026-09-17,pendiente,,,,
,Mundo sonrisas,,,,,Medellin,Colombia,odontologos,empresas,,openstreetmap,2026-09-17,pendiente,,,,
,DentiSalud,,,,,Medellin,Colombia,odontologos,empresas,,openstreetmap,2026-09-17,pendiente,,,,
,Consultorio Odontológico Dental Social,,,,,Medellin,Colombia,odontologos,empresas,,openstreetmap,2026-09-17,pendiente,,,,
,IDentall,,,,,Medellin,Colombia,odontologos,empresas,,openstreetmap,2026-09-17,pendiente,,,,
,Paola Muñoz,,,,,Medellin,Colombia,odontologos,empresas,,openstreetmap,2026-09-17,pendiente,,,,
,Odontologia General y Especializada,,,,,Medellin,Colombia,odontologos,empresas,,openstreetmap,2026-09-17,pendiente,,,,
,Odontologia Especializada,,,,,Medellin,Colombia,odontologos,empresas,,openstreetmap,2026-09-17,pendiente,,,,
,Odontochinca,,,,,Medellin,Colombia,odontologos,empresas,,openstreetmap,2026-09-17,pendiente,,,,
,Odontología Coral,,,,,Medellin,Colombia,odontologos,empresas,,openstreetmap,2026-09-17,pendiente,,,,
,Delima Marsh,,,,,Medellin,Colombia,seguros,empresas,,openstreetmap,2026-09-17,pendiente,,,,
,Delima,,,,,Medellin,Colombia,seguros,empresas,,openstreetmap,2026-09-17,pendiente,,,,
,Seguros Sura,,,,,Medellin,Colombia,seguros,empresas,,openstreetmap,2026-09-17,pendiente,,,,
,Mapfre,,,,,Medellin,Colombia,seguros,empresas,,openstreetmap,2026-09-17,pendiente,,,,
,Aseguradora Solidaria de Colombia,,,https://www.instagram.com/solidariaco/,,Medellin,Colombia,seguros,empresas,https://aseguradorasolidaria.com.co/,openstreetmap,2026-09-17,pendiente,,,,
,Auros,,,,,Medellin,Colombia,seguros,empresas,,openstreetmap,2026-09-17,pendiente,,,,
,Seguros Suramericana,,,,,Medellin,Colombia,seguros,empresas,,openstreetmap,2026-09-17,pendiente,,,,
,sura,,,,,Medellin,Colombia,seguros,empresas,,openstreetmap,2026-09-17,pendiente,,,,
