nombre,empresa,email,telefono,instagram,linkedin,ciudad,pais,nicho,vertical,url,fuente,oyentes,reproducciones,engagement_por_oyente,generos,fecha,status
,Artista Independiente — Zion y Lennox,,,,,Medellin,Colombia,artista_independiente,music,https://www.last.fm/music/Zion+y+Lennox,lastfm,115487,650544,5.6,"Reggaeton, latin, spanish",2026-09-17,pendiente
,Artista Independiente — Baby Rasta y Gringo,,,,,Medellin,Colombia,artista_independiente,music,https://www.last.fm/music/Baby+Rasta+y+Gringo,lastfm,100558,759872,7.6,"Reggaeton, latin, Hip-Hop",2026-09-17,pendiente
,Artista Independiente — Voltio,,,,,Medellin,Colombia,artista_independiente,music,https://www.last.fm/music/Voltio,lastfm,99308,594450,6.0,"Reggaeton, puerto rico, latin",2026-09-17,pendiente
,Artista Independiente — Yomo,,,,,Medellin,Colombia,artista_independiente,music,https://www.last.fm/music/Yomo,lastfm,96969,524351,5.4,"Reggaeton, reggaeton-boriqua, Yomo",2026-09-17,pendiente
,Artista Independiente — Makano,,,,,Medellin,Colombia,artista_independiente,music,https://www.last.fm/music/Makano,lastfm,93214,684564,7.3,"Reggaeton, makano, latin",2026-09-17,pendiente
,Artista Independiente — Eddy Lover,,,,,Medellin,Colombia,artista_independiente,music,https://www.last.fm/music/Eddy+Lover,lastfm,87604,441773,5.0,"Reggaeton, Panama, Panama Reggae",2026-09-17,pendiente
,Artista Independiente — Lorna,,,,,Medellin,Colombia,artista_independiente,music,https://www.last.fm/music/Lorna,lastfm,83835,455931,5.4,"Reggaeton, latin, spanish",2026-09-17,pendiente
,Artista Independiente — Notch,,,,,Medellin,Colombia,artista_independiente,music,https://www.last.fm/music/Notch,lastfm,83369,545292,6.5,"ambient, Reggaeton, dancehall",2026-09-17,pendiente
,Artista Independiente — Jadiel,,,,,Medellin,Colombia,artista_independiente,music,https://www.last.fm/music/Jadiel,lastfm,81416,498993,6.1,"Reggaeton, jadiel, Reggaeton  top-50",2026-09-17,pendiente
,Artista Independiente — Pepe Quintana,,,,,Medellin,Colombia,artista_independiente,music,https://www.last.fm/music/Pepe+Quintana,lastfm,62709,650534,10.4,"Reggaeton, Latin Urban, puerto rico",2026-09-17,pendiente
,Artista Independiente — La Obsesion,,,,,Medellin,Colombia,artista_independiente,music,https://www.last.fm/music/La+Obsesion,lastfm,59315,4036834,68.1,"Reggaeton, mexico, neoperreo",2026-09-17,pendiente
,Artista Independiente — Cheka,,,,,Medellin,Colombia,artista_independiente,music,https://www.last.fm/music/Cheka,lastfm,53170,275259,5.2,"Reggaeton, latin, puerto rico",2026-09-17,pendiente
,Artista Independiente — Ino Casablanca,,,,,Medellin,Colombia,artista_independiente,music,https://www.last.fm/music/Ino+Casablanca,lastfm,26672,1447924,54.3,"baile funk, techno, guaracha",2026-09-17,pendiente
,Artista Independiente — Revol,,,,,Medellin,Colombia,artista_independiente,music,https://www.last.fm/music/Revol,lastfm,104805,990860,9.5,"latin, rap, puerto rico",2026-09-17,pendiente
,Artista Independiente — Maikel Delacalle,,,,,Medellin,Colombia,artista_independiente,music,https://www.last.fm/music/Maikel+Delacalle,lastfm,93338,1183212,12.7,"spanish, latin, spain",2026-09-17,pendiente
,Artista Independiente — Clarent,,,,,Medellin,Colombia,artista_independiente,music,https://www.last.fm/music/Clarent,lastfm,87932,5817333,66.2,"trap, latin, latino",2026-09-17,pendiente
,Artista Independiente — Lary Over,,,,,Medellin,Colombia,artista_independiente,music,https://www.last.fm/music/Lary+Over,lastfm,85230,1001684,11.8,"latin, Reggaeton, trap latino",2026-09-17,pendiente
,Artista Independiente — Gigolo y La Exce,,,,,Medellin,Colombia,artista_independiente,music,https://www.last.fm/music/Gigolo+y+La+Exce,lastfm,80330,816598,10.2,"Reggaeton, latin, trap latino",2026-09-17,pendiente
,Artista Independiente — Ghetto Kids,,,,,Medellin,Colombia,artista_independiente,music,https://www.last.fm/music/Ghetto+Kids,lastfm,77792,844751,10.9,"latin, rap, mexico",2026-09-17,pendiente
,Artista Independiente — Miky Woodz,,,,,Medellin,Colombia,artista_independiente,music,https://www.last.fm/music/Miky+Woodz,lastfm,75883,1299338,17.1,"latin, rap, Reggaeton",2026-09-17,pendiente
,Artista Independiente — Casper Magico,,,,,Medellin,Colombia,artista_independiente,music,https://www.last.fm/music/Casper+Magico,lastfm,68530,840686,12.3,"latin, urban, trap",2026-09-17,pendiente
,Artista Independiente — The Academy: Segunda Misión,,,,,Medellin,Colombia,artista_independiente,music,https://www.last.fm/music/The+Academy:+Segunda+Misi%C3%B3n,lastfm,67728,932657,13.8,"latin, Hip-Hop, trap latino",2026-09-17,pendiente
,Artista Independiente — StrangeHuman,,,,,Medellin,Colombia,artista_independiente,music,https://www.last.fm/music/StrangeHuman,lastfm,46380,1459129,31.5,"latin, electronic, chile",2026-09-17,pendiente
,Artista Independiente — Lil Naay,,,,,Medellin,Colombia,artista_independiente,music,https://www.last.fm/music/Lil+Naay,lastfm,43911,1229483,28.0,"latin, rap, Dominican",2026-09-17,pendiente
,Artista Independiente — Kiko El Crazy,,,,,Medellin,Colombia,artista_independiente,music,https://www.last.fm/music/Kiko+El+Crazy,lastfm,30523,203868,6.7,"dembow, dominican republic, trap latino",2026-09-17,pendiente
,Artista Independiente — CDobleta,,,,,Medellin,Colombia,artista_independiente,music,https://www.last.fm/music/CDobleta,lastfm,24409,1649815,67.6,trap latino,2026-09-17,pendiente
,Artista Independiente — Yeruza,,,,,Medellin,Colombia,artista_independiente,music,https://www.last.fm/music/Yeruza,lastfm,21289,596200,28.0,"latino, puerto rico, Puerto Rican",2026-09-17,pendiente
,Artista Independiente — Yixs98,,,,,Medellin,Colombia,artista_independiente,music,https://www.last.fm/music/Yixs98,lastfm,8223,178688,21.7,"latin, electronic, trap latino",2026-09-17,pendiente
,Artista Independiente — Yeri MUA,,,,,Medellin,Colombia,artista_independiente,music,https://www.last.fm/music/Yeri+MUA,lastfm,89760,1586230,17.7,"Reggaeton, pop, neoperreo",2026-09-17,pendiente
,Artista Independiente — Fariana,,,,,Medellin,Colombia,artista_independiente,music,https://www.last.fm/music/Fariana,lastfm,35406,213401,6.0,"rnb, latin, Colombia",2026-09-17,pendiente
,Artista Independiente — Abhir,,,,,Medellin,Colombia,artista_independiente,music,https://www.last.fm/music/Abhir,lastfm,33443,1203220,36.0,"rap, Hip-Hop, spanish",2026-09-17,pendiente
,Artista Independiente — El Haragán y Compañía,,,,,Medellin,Colombia,artista_independiente,music,https://www.last.fm/music/+noredirect/El+Harag%C3%A1n+y+Compa%C3%B1%C3%ADa,lastfm,32208,650754,20.2,"rock, México, urbano",2026-09-17,pendiente
,Artista Independiente — Kendo Kaponi,,,,,Medellin,Colombia,artista_independiente,music,https://www.last.fm/music/Kendo+Kaponi,lastfm,30278,453192,15.0,"Reggaeton, rap, urbano",2026-09-17,pendiente
,Artista Independiente — MILO MAE,,,,,Medellin,Colombia,artista_independiente,music,https://www.last.fm/music/MILO+MAE,lastfm,28146,474423,16.9,"urbano, Reggaeton, ecuador",2026-09-17,pendiente
,Artista Independiente — Rafa Pabön,,,,,Medellin,Colombia,artista_independiente,music,https://www.last.fm/music/Rafa+Pab%C3%B6n,lastfm,25399,153160,6.0,"urbano, puerto rico",2026-09-17,pendiente
,Artista Independiente — Hanzel La H,,,,,Medellin,Colombia,artista_independiente,music,https://www.last.fm/music/Hanzel+La+H,lastfm,24086,864915,35.9,"latino, latin, trap",2026-09-17,pendiente
,Artista Independiente — Yaviah,,,,,Medellin,Colombia,artista_independiente,music,https://www.last.fm/music/Yaviah,lastfm,22705,110325,4.9,"Reggaeton, All, urban",2026-09-17,pendiente
,Artista Independiente — Kreamly,,,,,Medellin,Colombia,artista_independiente,music,https://www.last.fm/music/Kreamly,lastfm,22180,1783071,80.4,"chile, Reggaeton, urbano",2026-09-17,pendiente
,Artista Independiente — Zona Rika,,,,,Medellin,Colombia,artista_independiente,music,https://www.last.fm/music/Zona+Rika,lastfm,19083,117920,6.2,"mexico, mambo, tropical",2026-09-17,pendiente
,Artista Independiente — Dj Aza,,,,,Medellin,Colombia,artista_independiente,music,https://www.last.fm/music/Dj+Aza,lastfm,13256,83116,6.3,"urbano, Reggaeton, Perreo",2026-09-17,pendiente
,Artista Independiente — Nastyy,,,,,Medellin,Colombia,artista_independiente,music,https://www.last.fm/music/Nastyy,lastfm,10574,130133,12.3,"afrobeat, chile, urbano",2026-09-17,pendiente
,Artista Independiente — Vakero,,,,,Medellin,Colombia,artista_independiente,music,https://www.last.fm/music/Vakero,lastfm,18339,120301,6.6,"Reggaeton, Hip Hop Latino, rap dominicano",2026-09-18,pendiente
,Artista Independiente — Eddie Dee,,,,,Medellin,Colombia,artista_independiente,music,https://www.last.fm/music/Eddie+Dee,lastfm,93585,442268,4.7,"Reggaeton, latin, Puerto Rican",2026-09-18,pendiente
,Artista Independiente — Hector El Father,,,,,Medellin,Colombia,artista_independiente,music,https://www.last.fm/music/Hector+El+Father,lastfm,88645,437146,4.9,"Reggaeton, latino, latin",2026-09-18,pendiente
,Artista Independiente — Baby Rasta,,,,,Medellin,Colombia,artista_independiente,music,https://www.last.fm/music/Baby+Rasta,lastfm,88499,509322,5.8,"Reggaeton, hip hop, bachata",2026-09-18,pendiente
,Artista Independiente — Tony Touch,,,,,Medellin,Colombia,artista_independiente,music,https://www.last.fm/music/Tony+Touch,lastfm,80319,509488,6.3,"Hip-Hop, Reggaeton, rap",2026-09-18,pendiente
,Artista Independiente — Ann Marie,,,,,Medellin,Colombia,artista_independiente,music,https://www.last.fm/music/Ann+Marie,lastfm,71133,1066193,15.0,"baile funk, techno, electro",2026-09-18,pendiente
,Artista Independiente — Magnate,,,,,Medellin,Colombia,artista_independiente,music,https://www.last.fm/music/Magnate,lastfm,68963,373354,5.4,"Reggaeton, latin, spanish",2026-09-18,pendiente
,Artista Independiente — Jowell Y Randy,,,,,Medellin,Colombia,artista_independiente,music,https://www.last.fm/music/Jowell+Y+Randy,lastfm,65125,418859,6.4,"Reggaeton, latin, Puerto Rican",2026-09-18,pendiente
,Artista Independiente — Erre XI,,,,,Medellin,Colombia,artista_independiente,music,https://www.last.fm/music/Erre+XI,lastfm,59098,281836,4.8,"Reggaeton, latin, bachata",2026-09-18,pendiente
,Artista Independiente — Golpe a Golpe,,,,,Medellin,Colombia,artista_independiente,music,https://www.last.fm/music/Golpe+a+Golpe,lastfm,39471,328844,8.3,"Reggaeton, Oi, Colombia",2026-09-18,pendiente
,Artista Independiente — TOMASA DEL REAL,,,,,Medellin,Colombia,artista_independiente,music,https://www.last.fm/music/TOMASA+DEL+REAL,lastfm,38724,773941,20.0,"Reggaeton, neoperreo, chile",2026-09-18,pendiente
,Artista Independiente — Johnny Prez,,,,,Medellin,Colombia,artista_independiente,music,https://www.last.fm/music/Johnny+Prez,lastfm,34081,159903,4.7,"Reggaeton, All, rap",2026-09-18,pendiente
,Artista Independiente — Chapa C,,,,,Medellin,Colombia,artista_independiente,music,https://www.last.fm/music/Chapa+C,lastfm,31314,298455,9.5,"Reggaeton, spanish, lo mejor",2026-09-18,pendiente
,Artista Independiente — Fito Blanko,,,,,Medellin,Colombia,artista_independiente,music,https://www.last.fm/music/Fito+Blanko,lastfm,27760,149026,5.4,"Reggaeton, Canadian, spanish",2026-09-18,pendiente
,Artista Independiente — Andy Rivera,,,,,Medellin,Colombia,artista_independiente,music,https://www.last.fm/music/Andy+Rivera,lastfm,86832,858219,9.9,"Reggaeton, reggaeton colombiano, latin",2026-09-18,pendiente
,Artista Independiente — DrefQuila,,,,,Medellin,Colombia,artista_independiente,music,https://www.last.fm/music/DrefQuila,lastfm,82874,4333327,52.3,"latin, chile, trap",2026-09-18,pendiente
,Artista Independiente — Ele A El Dominio,,,,,Medellin,Colombia,artista_independiente,music,https://www.last.fm/music/Ele+A+El+Dominio,lastfm,73838,1808865,24.5,"puerto rico, Hip-Hop, latin",2026-09-18,pendiente
,Artista Independiente — OH!DULCEARi,,,,,Medellin,Colombia,artista_independiente,music,https://www.last.fm/music/OH%21DULCEARi,lastfm,57643,671562,11.7,"venezuela, experimental, hyperpop",2026-09-18,pendiente
,Artista Independiente — Albany,,,,,Medellin,Colombia,artista_independiente,music,https://www.last.fm/music/Albany,lastfm,44161,1378036,31.2,"trap, spain, booba",2026-09-18,pendiente
,Artista Independiente — María Escarmiento,,,,,Medellin,Colombia,artista_independiente,music,https://www.last.fm/music/Mar%C3%ADa+Escarmiento,lastfm,38721,2054982,53.1,"neoperreo, pop, spanish",2026-09-18,pendiente
,Artista Independiente — Tommy Boysen,,,,,Medellin,Colombia,artista_independiente,music,https://www.last.fm/music/Tommy+Boysen,lastfm,36153,445921,12.3,"latin, Reggaeton, dancehall",2026-09-18,pendiente
,Artista Independiente — Thiago,,,,,Medellin,Colombia,artista_independiente,music,https://www.last.fm/music/Thiago,lastfm,21645,204306,9.4,"trap, rap, latin",2026-09-18,pendiente
,Artista Independiente — J mena,,,,,Medellin,Colombia,artista_independiente,music,https://www.last.fm/music/J+mena,lastfm,19987,311735,15.6,"argentina, pop, whore",2026-09-18,pendiente
,Artista Independiente — LITO KIRINO,,,,,Medellin,Colombia,artista_independiente,music,https://www.last.fm/music/LITO+KIRINO,lastfm,17302,161118,9.3,"Reggaeton, latin, Hip-Hop",2026-09-18,pendiente
,Artista Independiente — Catalyna,,,,,Medellin,Colombia,artista_independiente,music,https://www.last.fm/music/Catalyna,lastfm,16840,131335,7.8,"Reggaeton, latin, puerto rico",2026-09-18,pendiente
,Artista Independiente — Sila Lua,,,,,Medellin,Colombia,artista_independiente,music,https://www.last.fm/music/Sila+Lua,lastfm,13748,81704,5.9,"hip hop, electronic, experimental",2026-09-18,pendiente
,Artista Independiente — Lapiz Conciente,,,,,Medellin,Colombia,artista_independiente,music,https://www.last.fm/music/Lapiz+Conciente,lastfm,9798,101235,10.3,"latin, rap, Dominican",2026-09-18,pendiente
,Artista Independiente — Montano,,,,,Medellin,Colombia,artista_independiente,music,https://www.last.fm/music/Montano,lastfm,11198,64413,5.8,"ambient, electronic, idm",2026-09-18,pendiente
,Artista Independiente — Vibarco,,,,,Medellin,Colombia,artista_independiente,music,https://www.last.fm/music/Vibarco,lastfm,10166,23471,2.3,"Colombia, colombiano, urbano",2026-09-18,pendiente
,Artista Independiente — Easy-S,,,,,Medellin,Colombia,artista_independiente,music,https://www.last.fm/music/Easy-S,lastfm,8017,187271,23.4,"spanish rap, rap, spanish",2026-09-18,pendiente
,Artista Independiente — Playa Limbo,,,,,Medellin,Colombia,artista_independiente,music,https://www.last.fm/music/Playa+Limbo,lastfm,114586,1526848,13.3,"pop, latin pop, spanish",2026-09-18,pendiente
,Artista Independiente — Mijares,,,,,Medellin,Colombia,artista_independiente,music,https://www.last.fm/music/Mijares,lastfm,114171,1257498,11.0,"spanish, latin, latin pop",2026-09-18,pendiente
,Artista Independiente — HA-ASH,,,,,Medellin,Colombia,artista_independiente,music,https://www.last.fm/music/HA-ASH,lastfm,106518,1104576,10.4,"latin pop, pop, latin",2026-09-18,pendiente
,Artista Independiente — Andrés Cepeda,,,,,Medellin,Colombia,artista_independiente,music,https://www.last.fm/music/+noredirect/Andr%C3%A9s+Cepeda,lastfm,101552,2726931,26.9,"Colombia, All, latin pop",2026-09-18,pendiente
,Artista Independiente — Kumbia Kings,,,,,Medellin,Colombia,artista_independiente,music,https://www.last.fm/music/Kumbia+Kings,lastfm,97773,593997,6.1,"latin pop, cumbia, pop",2026-09-18,pendiente
,Artista Independiente — Natalia Oreiro,,,,,Medellin,Colombia,artista_independiente,music,https://www.last.fm/music/Natalia+Oreiro,lastfm,97293,1500218,15.4,"latin, pop, female vocalists",2026-09-18,pendiente
,Artista Independiente — Menudo,,,,,Medellin,Colombia,artista_independiente,music,https://www.last.fm/music/Menudo,lastfm,85358,779968,9.1,"pop, latin pop, boy band",2026-09-18,pendiente
,Artista Independiente — Maite Perroni,,,,,Medellin,Colombia,artista_independiente,music,https://www.last.fm/music/Maite+Perroni,lastfm,83968,2105505,25.1,"pop, female vocalists, latin pop",2026-09-18,pendiente
,Artista Independiente — María José,,,,,Medellin,Colombia,artista_independiente,music,https://www.last.fm/music/+noredirect/Mar%C3%ADa+Jos%C3%A9,lastfm,82660,1535620,18.6,"pop, mexico, spanish",2026-09-18,pendiente
,Artista Independiente — Yahir,,,,,Medellin,Colombia,artista_independiente,music,https://www.last.fm/music/Yahir,lastfm,76625,561928,7.3,"spanish, pop, latin pop",2026-09-18,pendiente
,Artista Independiente — Calo,,,,,Medellin,Colombia,artista_independiente,music,https://www.last.fm/music/Calo,lastfm,72697,707666,9.7,"latin pop, metal, 90s",2026-09-18,pendiente
,Artista Independiente — Onda Vaselina,,,,,Medellin,Colombia,artista_independiente,music,https://www.last.fm/music/Onda+Vaselina,lastfm,71361,599938,8.4,"latin pop, mexico, pop",2026-09-18,pendiente
,Artista Independiente — Sentidos Opuestos,,,,,Medellin,Colombia,artista_independiente,music,https://www.last.fm/music/Sentidos+Opuestos,lastfm,70439,612775,8.7,"mexico, pop, latin pop",2026-09-18,pendiente
,Artista Independiente — Janina,,,,,Medellin,Colombia,artista_independiente,music,https://www.last.fm/music/Janina,lastfm,61677,506531,8.2,"latin pop, latin, Objetivo Fama",2026-09-18,pendiente
,Artista Independiente — MDO,,,,,Medellin,Colombia,artista_independiente,music,https://www.last.fm/music/MDO,lastfm,59576,334856,5.6,"pop, latin, latin pop",2026-09-18,pendiente
,Artista Independiente — La Quinta Estación,,,,,Medellin,Colombia,artista_independiente,music,https://www.last.fm/music/+noredirect/La+Quinta+Estaci%C3%B3n,lastfm,56151,875588,15.6,"spanish, pop, latin",2026-09-18,pendiente
,Artista Independiente — Lynda,,,,,Medellin,Colombia,artista_independiente,music,https://www.last.fm/music/Lynda,lastfm,51451,648731,12.6,"pop, female vocalists, latin pop",2026-09-18,pendiente
,Artista Independiente — Diego Boneta,,,,,Medellin,Colombia,artista_independiente,music,https://www.last.fm/music/Diego+Boneta,lastfm,47101,540120,11.5,"pop, pop rock, spanish",2026-09-18,pendiente
,Artista Independiente — A.B. Quintanilla III,,,,,Medellin,Colombia,artista_independiente,music,https://www.last.fm/music/A.B.+Quintanilla+III,lastfm,46463,361787,7.8,"latin pop, now available on last-fm radio 09q1, United States",2026-09-18,pendiente
,Artista Independiente — ARIA BELA,,,,,Medellin,Colombia,artista_independiente,music,https://www.last.fm/music/ARIA+BELA,lastfm,45938,880034,19.2,"mexico, latin pop, mexican pop",2026-09-18,pendiente
,Artista Independiente — Grupo Extra,,,,,Medellin,Colombia,artista_independiente,music,https://www.last.fm/music/Grupo+Extra,lastfm,44029,454362,10.3,"latin pop, pop, bachata",2026-09-18,pendiente
,Artista Independiente — Fanny Lú,,,,,Medellin,Colombia,artista_independiente,music,https://www.last.fm/music/+noredirect/Fanny+L%C3%BA,lastfm,41933,341572,8.1,"latin, spanish, pop",2026-09-18,pendiente
,Artista Independiente — Christian Chávez,,,,,Medellin,Colombia,artista_independiente,music,https://www.last.fm/music/+noredirect/Christian+Ch%C3%A1vez,lastfm,39464,1077026,27.3,"pop, latin, latin pop",2026-09-18,pendiente
,Artista Independiente — Francisco Céspedes,,,,,Medellin,Colombia,artista_independiente,music,https://www.last.fm/music/+noredirect/Francisco+C%C3%A9spedes,lastfm,39233,464844,11.8,"latin pop, cuba, Baladas",2026-09-18,pendiente
,Artista Independiente — Jencarlos,,,,,Medellin,Colombia,artista_independiente,music,https://www.last.fm/music/Jencarlos,lastfm,35577,240886,6.8,"latin pop, latin, male vocalist",2026-09-18,pendiente
,Artista Independiente — Angela Torres,,,,,Medellin,Colombia,artista_independiente,music,https://www.last.fm/music/Angela+Torres,lastfm,32311,958557,29.7,"latin pop, pop, argentina",2026-09-18,pendiente
,Artista Independiente — Ilona,,,,,Medellin,Colombia,artista_independiente,music,https://www.last.fm/music/Ilona,lastfm,31391,203633,6.5,"pop, Colombia, spanish",2026-09-18,pendiente
,Artista Independiente — Canelita,,,,,Medellin,Colombia,artista_independiente,music,https://www.last.fm/music/Canelita,lastfm,23704,270220,11.4,"latin pop, Flamenco, spain",2026-09-18,pendiente
,Artista Independiente — Isa TKM,,,,,Medellin,Colombia,artista_independiente,music,https://www.last.fm/music/Isa+TKM,lastfm,19772,363815,18.4,"pop, female vocalists, latin pop",2026-09-18,pendiente
,Artista Independiente — EME-15,,,,,Medellin,Colombia,artista_independiente,music,https://www.last.fm/music/EME-15,lastfm,11733,207384,17.7,"pop, latin pop, latin",2026-09-18,pendiente
,Artista Independiente — Cruz Cafuné,,,,,Medellin,Colombia,artista_independiente,music,https://www.last.fm/music/Cruz+Cafun%C3%A9,lastfm,99678,9852947,98.8,"rnb, rap, spanish",2026-09-18,pendiente
,Artista Independiente — Neutro Shorty,,,,,Medellin,Colombia,artista_independiente,music,https://www.last.fm/music/Neutro+Shorty,lastfm,36965,862498,23.3,"hip hop, rap, venezuela",2026-09-18,pendiente
,Artista Independiente — Joa,,,,,Medellin,Colombia,artista_independiente,music,https://www.last.fm/music/Joa,lastfm,20922,100659,4.8,"hip hop, rap, norwegian",2026-09-18,pendiente
,Artista Independiente — Jhoni The Voice,,,,,Medellin,Colombia,artista_independiente,music,https://www.last.fm/music/Jhoni+The+Voice,lastfm,17497,81696,4.7,"Reggaeton, musica latina, Musica Urbana",2026-09-18,pendiente
,Artista Independiente — El Fantasma,,,,,Medellin,Colombia,artista_independiente,music,https://www.last.fm/music/El+Fantasma,lastfm,88849,1770819,19.9,"corridos, mexican, BANDA",2026-09-18,pendiente
,Artista Independiente — Los Gemelos De Sinaloa,,,,,Medellin,Colombia,artista_independiente,music,https://www.last.fm/music/Los+Gemelos+De+Sinaloa,lastfm,86508,1859253,21.5,"corridos, USA, REGIONAL MEXICANO",2026-09-18,pendiente
,Artista Independiente — Los Plebes del Rancho de Ariel Camacho,,,,,Medellin,Colombia,artista_independiente,music,https://www.last.fm/music/Los+Plebes+del+Rancho+de+Ariel+Camacho,lastfm,85157,1752566,20.6,"mexican, mexico, stupid",2026-09-18,pendiente
,Artista Independiente — Lenin Ramírez,,,,,Medellin,Colombia,artista_independiente,music,https://www.last.fm/music/Lenin+Ram%C3%ADrez,lastfm,82290,1245461,15.1,"mexican, REGIONAL MEXICANO",2026-09-18,pendiente
,Artista Independiente — El Coyote y Su Banda Tierra Santa,,,,,Medellin,Colombia,artista_independiente,music,https://www.last.fm/music/El+Coyote+y+Su+Banda+Tierra+Santa,lastfm,68582,614817,9.0,"BANDA, All, mexico",2026-09-18,pendiente
,Artista Independiente — Herencia de Patrones,,,,,Medellin,Colombia,artista_independiente,music,https://www.last.fm/music/Herencia+de+Patrones,lastfm,66747,2836954,42.5,"Corridos tumbados, Sierreno, latin",2026-09-18,pendiente
,Artista Independiente — Alta Elegancia,,,,,Medellin,Colombia,artista_independiente,music,https://www.last.fm/music/Alta+Elegancia,lastfm,64872,810771,12.5,"mexico, REGIONAL MEXICANO",2026-09-18,pendiente
,Artista Independiente — Adriel Favela,,,,,Medellin,Colombia,artista_independiente,music,https://www.last.fm/music/Adriel+Favela,lastfm,59274,1042237,17.6,"REGIONAL MEXICANO, mexico, sinaloa",2026-09-18,pendiente
,Artista Independiente — Los Primos del Este,,,,,Medellin,Colombia,artista_independiente,music,https://www.last.fm/music/Los+Primos+del+Este,lastfm,57465,1436171,25.0,"mexico, corrido, Sierreno",2026-09-18,pendiente
,Artista Independiente — Ulices Chaidez,,,,,Medellin,Colombia,artista_independiente,music,https://www.last.fm/music/Ulices+Chaidez,lastfm,52765,804306,15.2,"mexico, Sierreno, REGIONAL MEXICANO",2026-09-18,pendiente
,Artista Independiente — Grupo 360,,,,,Medellin,Colombia,artista_independiente,music,https://www.last.fm/music/Grupo+360,lastfm,43853,924466,21.1,"mexico, mexican, REGIONAL MEXICANO",2026-09-18,pendiente
,Artista Independiente — El De La Guitarra,,,,,Medellin,Colombia,artista_independiente,music,https://www.last.fm/music/El+De+La+Guitarra,lastfm,35497,865829,24.4,"mexico, corridos, corrido",2026-09-18,pendiente
,Artista Independiente — Gerardo Coronel,,,,,Medellin,Colombia,artista_independiente,music,https://www.last.fm/music/Gerardo+Coronel,lastfm,32730,342329,10.5,"mexico, REGIONAL MEXICANO",2026-09-18,pendiente
,Artista Independiente — codiciado,,,,,Medellin,Colombia,artista_independiente,music,https://www.last.fm/music/codiciado,lastfm,29141,330574,11.3,"mexico, REGIONAL MEXICANO",2026-09-18,pendiente
,Artista Independiente — Jovanny Cadena Y Su Estilo Privado,,,,,Medellin,Colombia,artista_independiente,music,https://www.last.fm/music/Jovanny+Cadena+Y+Su+Estilo+Privado,lastfm,27129,378187,13.9,"mexico, REGIONAL MEXICANO",2026-09-18,pendiente
,Artista Independiente — Tito Torbellino Jr,,,,,Medellin,Colombia,artista_independiente,music,https://www.last.fm/music/Tito+Torbellino+Jr,lastfm,25887,449133,17.3,"corridos, USA, corridos progresivos",2026-09-18,pendiente
,Artista Independiente — Grupo Diez 4tro,,,,,Medellin,Colombia,artista_independiente,music,https://www.last.fm/music/Grupo+Diez+4tro,lastfm,25048,524010,20.9,"corrido, Sierreno, Corridos tumbados",2026-09-18,pendiente
,Artista Independiente — Grupo Codiciado,,,,,Medellin,Colombia,artista_independiente,music,https://www.last.fm/music/Grupo+Codiciado,lastfm,21319,328433,15.4,"mexico, REGIONAL MEXICANO",2026-09-18,pendiente
,Artista Independiente — Grupo Recluta,,,,,Medellin,Colombia,artista_independiente,music,https://www.last.fm/music/Grupo+Recluta,lastfm,19218,202944,10.6,"mexico, REGIONAL MEXICANO",2026-09-18,pendiente
,Artista Independiente — Jesus Dimas,,,,,Medellin,Colombia,artista_independiente,music,https://www.last.fm/music/Jesus+Dimas,lastfm,8076,46294,5.7,"mexico, mexican, Corridos tumbados",2026-09-18,pendiente
,Artista Independiente — Jasiel Nuñez,,,,,Medellin,Colombia,artista_independiente,music,https://www.last.fm/music/Jasiel+Nu%C3%B1ez,lastfm,100651,3035079,30.2,"chillout, latin, Dreamy",2026-09-18,pendiente
,Artista Independiente — Victor Mendivil,,,,,Medellin,Colombia,artista_independiente,music,https://www.last.fm/music/Victor+Mendivil,lastfm,94377,7884571,83.5,"Hip-Hop, rap, dembow",2026-09-18,pendiente
,Artista Independiente — David Santos,,,,,Medellin,Colombia,artista_independiente,music,https://www.last.fm/music/David+Santos,lastfm,55432,573063,10.3,"corridos, Corridos tumbados, mexico",2026-09-18,pendiente
,Artista Independiente — Victor Valverde,,,,,Medellin,Colombia,artista_independiente,music,https://www.last.fm/music/Victor+Valverde,lastfm,43658,493083,11.3,Corridos tumbados,2026-09-18,pendiente
,Artista Independiente — Grupo Triple L,,,,,Medellin,Colombia,artista_independiente,music,https://www.last.fm/music/Grupo+Triple+L,lastfm,39608,484568,12.2,"mexico, amor, Corridos tumbados",2026-09-18,pendiente
,Artista Independiente — Justin Morales,,,,,Medellin,Colombia,artista_independiente,music,https://www.last.fm/music/Justin+Morales,lastfm,37456,397915,10.6,"mexico, alternative, regional mexican",2026-09-18,pendiente
,Artista Independiente — Jaziel Avilez,,,,,Medellin,Colombia,artista_independiente,music,https://www.last.fm/music/Jaziel+Avilez,lastfm,37075,324198,8.7,Corridos tumbados,2026-09-18,pendiente
,Artista Independiente — Grupo Arriesgado,,,,,Medellin,Colombia,artista_independiente,music,https://www.last.fm/music/Grupo+Arriesgado,lastfm,31783,1064345,33.5,"mexico, Norteno, regional",2026-09-18,pendiente
,Artista Independiente — Sa!koro,,,,,Medellin,Colombia,artista_independiente,music,https://www.last.fm/music/Sa%21koro,lastfm,29459,3238550,109.9,"plugg, Colombia, trap",2026-09-18,pendiente
,Artista Independiente — Porte Diferente,,,,,Medellin,Colombia,artista_independiente,music,https://www.last.fm/music/Porte+Diferente,lastfm,25369,558839,22.0,"Corridos tumbados, mexico",2026-09-18,pendiente
,Artista Independiente — Nueva Era,,,,,Medellin,Colombia,artista_independiente,music,https://www.last.fm/music/Nueva+Era,lastfm,22467,205336,9.1,"hip hop, rap, mexico",2026-09-18,pendiente
,Artista Independiente — Tony Loya,,,,,Medellin,Colombia,artista_independiente,music,https://www.last.fm/music/Tony+Loya,lastfm,22189,443526,20.0,"Corridos tumbados, mexico",2026-09-18,pendiente
,Artista Independiente — Ysrael Barajas,,,,,Medellin,Colombia,artista_independiente,music,https://www.last.fm/music/Ysrael+Barajas,lastfm,20174,338654,16.8,"mexico, tijuana, Corridos tumbados",2026-09-18,pendiente
,Artista Independiente — Los Hijos De Garcia,,,,,Medellin,Colombia,artista_independiente,music,https://www.last.fm/music/Los+Hijos+De+Garcia,lastfm,16184,278213,17.2,"mexico, latin, corridos",2026-09-18,pendiente
,Artista Independiente — SpliffHappy,,,,,Medellin,Colombia,artista_independiente,music,https://www.last.fm/music/SpliffHappy,lastfm,15711,78283,5.0,"hiphop, rap, new york",2026-09-18,pendiente
,Artista Independiente — Ruben Figueroa,,,,,Medellin,Colombia,artista_independiente,music,https://www.last.fm/music/Ruben+Figueroa,lastfm,12204,141904,11.6,Corridos tumbados,2026-09-18,pendiente
,Artista Independiente — vatocholo,,,,,Medellin,Colombia,artista_independiente,music,https://www.last.fm/music/vatocholo,lastfm,8392,75552,9.0,"corridos, pop, Corridos tumbados",2026-09-18,pendiente
,Artista Independiente — Giovanni Y Su Equipo Escoltado,,,,,Medellin,Colombia,artista_independiente,music,https://www.last.fm/music/Giovanni+Y+Su+Equipo+Escoltado,lastfm,8186,113523,13.9,Corridos tumbados,2026-09-18,pendiente
,Artista Independiente — Pheelz,,,,,Medellin,Colombia,artista_independiente,music,https://www.last.fm/music/Pheelz,lastfm,116345,1177197,10.1,"rnb, afropop, afrobeats",2026-09-18,pendiente
,Artista Independiente — Midas the Jagaban,,,,,Medellin,Colombia,artista_independiente,music,https://www.last.fm/music/Midas+the+Jagaban,lastfm,108911,1238138,11.4,"afrobeats, rap, female vocalist",2026-09-18,pendiente
,Artista Independiente — Odunsi (The Engine),,,,,Medellin,Colombia,artista_independiente,music,https://www.last.fm/music/Odunsi+(The+Engine),lastfm,100749,1417847,14.1,"alte, nigeria, afrobeats",2026-09-18,pendiente
,Artista Independiente — Maleek Berry,,,,,Medellin,Colombia,artista_independiente,music,https://www.last.fm/music/Maleek+Berry,lastfm,99351,988876,10.0,"afrobeats, rap, british",2026-09-18,pendiente
,Artista Independiente — Jae5,,,,,Medellin,Colombia,artista_independiente,music,https://www.last.fm/music/Jae5,lastfm,94996,792456,8.3,"afrobeats, rap, hip hop",2026-09-18,pendiente
,Artista Independiente — Ayo Jay,,,,,Medellin,Colombia,artista_independiente,music,https://www.last.fm/music/Ayo+Jay,lastfm,85698,664751,7.8,"dancehall, Hip-Hop, afrobeats",2026-09-18,pendiente
,Artista Independiente — Cruel Santino,,,,,Medellin,Colombia,artista_independiente,music,https://www.last.fm/music/Cruel+Santino,lastfm,75661,1477485,19.5,"alternative, afrobeats, nigeria",2026-09-18,pendiente
,Artista Independiente — Skales,,,,,Medellin,Colombia,artista_independiente,music,https://www.last.fm/music/Skales,lastfm,75326,494762,6.6,"afrobeats, nigeria, electronica",2026-09-18,pendiente
,Artista Independiente — Bayanni,,,,,Medellin,Colombia,artista_independiente,music,https://www.last.fm/music/Bayanni,lastfm,75304,789606,10.5,afrobeats,2026-09-18,pendiente
,Artista Independiente — Odumodublvck,,,,,Medellin,Colombia,artista_independiente,music,https://www.last.fm/music/Odumodublvck,lastfm,70350,1586588,22.6,"nigeria, pop, Hip-Hop",2026-09-18,pendiente
,Artista Independiente — BNXN,,,,,Medellin,Colombia,artista_independiente,music,https://www.last.fm/music/BNXN,lastfm,67085,1543133,23.0,"afrobeats, nigeria, african",2026-09-18,pendiente
,Artista Independiente — ZUBI,,,,,Medellin,Colombia,artista_independiente,music,https://www.last.fm/music/ZUBI,lastfm,65909,644295,9.8,"afrobeats, nigeria, nigerian",2026-09-18,pendiente
,Artista Independiente — Shallipopi,,,,,Medellin,Colombia,artista_independiente,music,https://www.last.fm/music/Shallipopi,lastfm,65806,1227825,18.7,"nigeria, afro-pop, afrobeats",2026-09-18,pendiente
,Artista Independiente — Yemi Alade,,,,,Medellin,Colombia,artista_independiente,music,https://www.last.fm/music/Yemi+Alade,lastfm,64857,754858,11.6,"afrobeats, nigeria, africa",2026-09-18,pendiente
,Artista Independiente — Simi,,,,,Medellin,Colombia,artista_independiente,music,https://www.last.fm/music/Simi,lastfm,60376,541506,9.0,"breakcore, nigeria, pop",2026-09-18,pendiente
,Artista Independiente — Korede Bello,,,,,Medellin,Colombia,artista_independiente,music,https://www.last.fm/music/Korede+Bello,lastfm,59879,440620,7.4,"afrobeats, All, pop",2026-09-18,pendiente
,Artista Independiente — Qing Madi,,,,,Medellin,Colombia,artista_independiente,music,https://www.last.fm/music/Qing+Madi,lastfm,56610,808509,14.3,"soul, afrobeats, pop",2026-09-18,pendiente
,Artista Independiente — teni,,,,,Medellin,Colombia,artista_independiente,music,https://www.last.fm/music/teni,lastfm,53913,530560,9.8,"afrobeats, nigeria, africa",2026-09-18,pendiente
,Artista Independiente — Ycee,,,,,Medellin,Colombia,artista_independiente,music,https://www.last.fm/music/Ycee,lastfm,52087,476535,9.1,"nigeria, afrobeats, afropop",2026-09-18,pendiente
,Artista Independiente — Young Jonn,,,,,Medellin,Colombia,artista_independiente,music,https://www.last.fm/music/Young+Jonn,lastfm,51390,971626,18.9,"afrobeats, nigeria, african",2026-09-18,pendiente
,Artista Independiente — Black Sherif,,,,,Medellin,Colombia,artista_independiente,music,https://www.last.fm/music/Black+Sherif,lastfm,48201,952382,19.8,"afrobeats, ghana, afrobeat",2026-09-18,pendiente
,Artista Independiente — Fave,,,,,Medellin,Colombia,artista_independiente,music,https://www.last.fm/music/Fave,lastfm,47329,502817,10.6,"rnb, afrobeats, pop",2026-09-18,pendiente
,Artista Independiente — Bloody Civilian,,,,,Medellin,Colombia,artista_independiente,music,https://www.last.fm/music/Bloody+Civilian,lastfm,36243,236950,6.5,"afrobeats, reggae, pop",2026-09-18,pendiente
,Artista Independiente — Mayorkun,,,,,Medellin,Colombia,artista_independiente,music,https://www.last.fm/music/Mayorkun,lastfm,34048,436005,12.8,"afrobeats, nigeria, male vocalist",2026-09-18,pendiente
,Artista Independiente — Reekado Banks,,,,,Medellin,Colombia,artista_independiente,music,https://www.last.fm/music/Reekado+Banks,lastfm,31610,317157,10.0,"afrobeats, nigeria, nigerian",2026-09-18,pendiente
,Artista Independiente — NINIOLA,,,,,Medellin,Colombia,artista_independiente,music,https://www.last.fm/music/NINIOLA,lastfm,26759,229487,8.6,"nigeria, afrobeats, africa",2026-09-18,pendiente
,Artista Independiente — Belly Squad,,,,,Medellin,Colombia,artista_independiente,music,https://www.last.fm/music/Belly+Squad,lastfm,24043,261466,10.9,"afrobeats, dancehall, Hip-Hop",2026-09-18,pendiente
,Artista Independiente — Bella Shmurda,,,,,Medellin,Colombia,artista_independiente,music,https://www.last.fm/music/Bella+Shmurda,lastfm,22792,336979,14.8,"nigeria, afrobeats, africa",2026-09-18,pendiente
,Artista Independiente — Taves,,,,,Medellin,Colombia,artista_independiente,music,https://www.last.fm/music/Taves,lastfm,9753,120305,12.3,"pop, nigeria, afro-pop",2026-09-18,pendiente
,Artista Independiente — Ninety,,,,,Medellin,Colombia,artista_independiente,music,https://www.last.fm/music/Ninety,lastfm,8377,103264,12.3,"afrobeats, Psychedelic Rock, underground",2026-09-18,pendiente
,Artista Independiente — Uncle Waffles,,,,,Medellin,Colombia,artista_independiente,music,https://www.last.fm/music/Uncle+Waffles,lastfm,58938,652446,11.1,"Eswatini, amapiano, Swazilandia",2026-09-18,pendiente
,Artista Independiente — Titom,,,,,Medellin,Colombia,artista_independiente,music,https://www.last.fm/music/Titom,lastfm,48141,391857,8.1,amapiano,2026-09-18,pendiente
,Artista Independiente — DBN Gogo,,,,,Medellin,Colombia,artista_independiente,music,https://www.last.fm/music/DBN+Gogo,lastfm,46006,266785,5.8,"amapiano, africa, african",2026-09-18,pendiente
,Artista Independiente — Tyler ICU,,,,,Medellin,Colombia,artista_independiente,music,https://www.last.fm/music/Tyler+ICU,lastfm,44843,568600,12.7,"south african, south africa, amapiano",2026-09-18,pendiente
,Artista Independiente — Dj Maphorisa,,,,,Medellin,Colombia,artista_independiente,music,https://www.last.fm/music/Dj+Maphorisa,lastfm,37971,519928,13.7,"gqom, amapiano, House",2026-09-18,pendiente
,Artista Independiente — Kabza De Small,,,,,Medellin,Colombia,artista_independiente,music,https://www.last.fm/music/Kabza+De+Small,lastfm,37733,658145,17.4,"south african, amapiano, House",2026-09-18,pendiente
,Artista Independiente — Moonchild Sanelly,,,,,Medellin,Colombia,artista_independiente,music,https://www.last.fm/music/Moonchild+Sanelly,lastfm,33995,280304,8.2,"indie pop, south africa, amapiano",2026-09-18,pendiente
,Artista Independiente — Sun-El Musician,,,,,Medellin,Colombia,artista_independiente,music,https://www.last.fm/music/Sun-El+Musician,lastfm,30990,341687,11.0,"amapiano, afrohouse, south african",2026-09-18,pendiente
,Artista Independiente — Zinoleesky,,,,,Medellin,Colombia,artista_independiente,music,https://www.last.fm/music/Zinoleesky,lastfm,27510,832813,30.3,"nigerian, nigeria, amapiano",2026-09-18,pendiente
,Artista Independiente — JZyNO,,,,,Medellin,Colombia,artista_independiente,music,https://www.last.fm/music/JZyNO,lastfm,23282,183768,7.9,"Liberia, afrobeats, Liberian",2026-09-18,pendiente
,Artista Independiente — Kamo Mphela,,,,,Medellin,Colombia,artista_independiente,music,https://www.last.fm/music/Kamo+Mphela,lastfm,20660,153503,7.4,"africa, pop, amapiano",2026-09-18,pendiente
,Artista Independiente — Cassper Nyovest,,,,,Medellin,Colombia,artista_independiente,music,https://www.last.fm/music/Cassper+Nyovest,lastfm,20644,157847,7.6,"Hip-Hop, rap, amapiano",2026-09-18,pendiente
,Artista Independiente — Kelvin Momo,,,,,Medellin,Colombia,artista_independiente,music,https://www.last.fm/music/Kelvin+Momo,lastfm,19842,585628,29.5,"africa, House, amapiano",2026-09-18,pendiente
,Artista Independiente — TXC,,,,,Medellin,Colombia,artista_independiente,music,https://www.last.fm/music/TXC,lastfm,18667,214392,11.5,"amapiano, electronic, african",2026-09-18,pendiente
,Artista Independiente — Simmy,,,,,Medellin,Colombia,artista_independiente,music,https://www.last.fm/music/Simmy,lastfm,17063,133742,7.8,"amapiano, south africa, pop",2026-09-18,pendiente
,Artista Independiente — Rexxie,,,,,Medellin,Colombia,artista_independiente,music,https://www.last.fm/music/Rexxie,lastfm,16583,164172,9.9,"amapiano, world, producer",2026-09-18,pendiente
,Artista Independiente — Focalistic,,,,,Medellin,Colombia,artista_independiente,music,https://www.last.fm/music/Focalistic,lastfm,14916,129664,8.7,"amapiano, hip hop, mzansi",2026-09-18,pendiente
,Artista Independiente — Blxckie,,,,,Medellin,Colombia,artista_independiente,music,https://www.last.fm/music/Blxckie,lastfm,14702,285086,19.4,"rnb, rap, soul",2026-09-18,pendiente
,Artista Independiente — De Mthuda,,,,,Medellin,Colombia,artista_independiente,music,https://www.last.fm/music/De+Mthuda,lastfm,14661,185677,12.7,"amapiano, south african, House",2026-09-18,pendiente
,Artista Independiente — Native Soul,,,,,Medellin,Colombia,artista_independiente,music,https://www.last.fm/music/Native+Soul,lastfm,13355,84253,6.3,"House, south africa, new mexico",2026-09-18,pendiente
,Artista Independiente — Smur Lee,,,,,Medellin,Colombia,artista_independiente,music,https://www.last.fm/music/Smur+Lee,lastfm,11725,123438,10.5,"afrobeat, nigeria, amapiano",2026-09-18,pendiente
,Artista Independiente — Busta 929,,,,,Medellin,Colombia,artista_independiente,music,https://www.last.fm/music/Busta+929,lastfm,11482,152744,13.3,"amapiano, creep",2026-09-18,pendiente
,Artista Independiente — Mr JazziQ,,,,,Medellin,Colombia,artista_independiente,music,https://www.last.fm/music/Mr+JazziQ,lastfm,11359,120889,10.6,"amapiano, south africa",2026-09-18,pendiente
,Artista Independiente — DJ STOKIE,,,,,Medellin,Colombia,artista_independiente,music,https://www.last.fm/music/DJ+STOKIE,lastfm,10927,103072,9.4,"amapiano, south african",2026-09-18,pendiente
,Artista Independiente — Soa mattrix,,,,,Medellin,Colombia,artista_independiente,music,https://www.last.fm/music/Soa+mattrix,lastfm,10132,89704,8.9,"amapiano, south african, samsonghiphop",2026-09-18,pendiente
,Artista Independiente — N4T,,,,,Medellin,Colombia,artista_independiente,music,https://www.last.fm/music/N4T,lastfm,9758,267044,27.4,"UK hip-hop, UK rap, amapiano",2026-09-18,pendiente
,Artista Independiente — Famous pluto,,,,,Medellin,Colombia,artista_independiente,music,https://www.last.fm/music/Famous+pluto,lastfm,9617,199367,20.7,"hip hop, nigeria, afro-pop",2026-09-18,pendiente
,Artista Independiente — Sam Deep,,,,,Medellin,Colombia,artista_independiente,music,https://www.last.fm/music/Sam+Deep,lastfm,9571,126534,13.2,"amapiano, south africa, mzansi",2026-09-18,pendiente
,Artista Independiente — MaWhoo,,,,,Medellin,Colombia,artista_independiente,music,https://www.last.fm/music/MaWhoo,lastfm,8103,77287,9.5,"vocalist, south africa, amapiano",2026-09-18,pendiente
,Artista Independiente — Ballout,,,,,Medellin,Colombia,artista_independiente,music,https://www.last.fm/music/Ballout,lastfm,119591,2209442,18.5,"drill, Hip-Hop, trap",2026-09-18,pendiente
,Artista Independiente — Pozer,,,,,Medellin,Colombia,artista_independiente,music,https://www.last.fm/music/Pozer,lastfm,115051,2631166,22.9,"drill, hard rock, hip hop",2026-09-18,pendiente
,Artista Independiente — POLO PERKS <3 <3 <3,,,,,Medellin,Colombia,artista_independiente,music,https://www.last.fm/music/POLO+PERKS+%3C3+%3C3+%3C3,lastfm,114448,4272851,37.3,"surf gang, drill, sample drill",2026-09-18,pendiente
,Artista Independiente — Lil Reese,,,,,Medellin,Colombia,artista_independiente,music,https://www.last.fm/music/Lil+Reese,lastfm,111417,1365779,12.3,"drill, rap, trap",2026-09-18,pendiente
,Artista Independiente — Bizzy Banks,,,,,Medellin,Colombia,artista_independiente,music,https://www.last.fm/music/Bizzy+Banks,lastfm,109516,3154528,28.8,"drill, rap, Brooklyn",2026-09-18,pendiente
,Artista Independiente — Abra Cadabra,,,,,Medellin,Colombia,artista_independiente,music,https://www.last.fm/music/Abra+Cadabra,lastfm,108803,2499742,23.0,"drill, rap, hip hop",2026-09-18,pendiente
,Artista Independiente — Derxan,,,,,Medellin,Colombia,artista_independiente,music,https://www.last.fm/music/Derxan,lastfm,104167,4279846,41.1,"drill, Grime, brime",2026-09-18,pendiente
,Artista Independiente — Loski,,,,,Medellin,Colombia,artista_independiente,music,https://www.last.fm/music/Loski,lastfm,99665,2485215,24.9,"drill, UK Drill, Gangsta Rap",2026-09-18,pendiente
,Artista Independiente — Bloodhound Lil Jeff,,,,,Medellin,Colombia,artista_independiente,music,https://www.last.fm/music/Bloodhound+Lil+Jeff,lastfm,98104,5103974,52.0,"drill, rap, chicago",2026-09-18,pendiente
,Artista Independiente — Freeze Corleone,,,,,Medellin,Colombia,artista_independiente,music,https://www.last.fm/music/Freeze+Corleone,lastfm,94069,8421634,89.5,"Hip-Hop, france, drill",2026-09-18,pendiente
,Artista Independiente — Dutchavelli,,,,,Medellin,Colombia,artista_independiente,music,https://www.last.fm/music/Dutchavelli,lastfm,93476,1594397,17.1,"drill, rap, UK",2026-09-18,pendiente
,Artista Independiente — Big Bllakk,,,,,Medellin,Colombia,artista_independiente,music,https://www.last.fm/music/Big+Bllakk,lastfm,87482,4811382,55.0,"drill, brazil, brime",2026-09-18,pendiente
,Artista Independiente — YOVNGCHIMI,,,,,Medellin,Colombia,artista_independiente,music,https://www.last.fm/music/YOVNGCHIMI,lastfm,87173,2984583,34.2,"drill, puerto rico, latin",2026-09-18,pendiente
,Artista Independiente — TOKIODK,,,,,Medellin,Colombia,artista_independiente,music,https://www.last.fm/music/TOKIODK,lastfm,85310,2899808,34.0,"Grime, drill, Hip-Hop",2026-09-18,pendiente
,Artista Independiente — Lil Zay Osama,,,,,Medellin,Colombia,artista_independiente,music,https://www.last.fm/music/Lil+Zay+Osama,lastfm,80935,1424552,17.6,"drill, rap, chicago",2026-09-18,pendiente
,Artista Independiente — Young Pappy,,,,,Medellin,Colombia,artista_independiente,music,https://www.last.fm/music/Young+Pappy,lastfm,71925,1884910,26.2,"drill, Hip-Hop, rap",2026-09-18,pendiente
,Artista Independiente — Rondodasosa,,,,,Medellin,Colombia,artista_independiente,music,https://www.last.fm/music/Rondodasosa,lastfm,71702,3800523,53.0,"drill, trap, hip hop",2026-09-18,pendiente
,Artista Independiente — thirteendegrees °,,,,,Medellin,Colombia,artista_independiente,music,https://www.last.fm/music/thirteendegrees+%C2%B0,lastfm,70853,1231543,17.4,"drill, Hip-Hop, plugg",2026-09-18,pendiente
,Artista Independiente — TEDUA,,,,,Medellin,Colombia,artista_independiente,music,https://www.last.fm/music/TEDUA,lastfm,70785,8117267,114.7,"drill, trap, Hip-Hop",2026-09-18,pendiente
,Artista Independiente — Ziak,,,,,Medellin,Colombia,artista_independiente,music,https://www.last.fm/music/Ziak,lastfm,67742,6327992,93.4,"drill, rap, france",2026-09-18,pendiente
,Artista Independiente — Montana of 300,,,,,Medellin,Colombia,artista_independiente,music,https://www.last.fm/music/Montana+of+300,lastfm,67055,1022202,15.2,"drill, rap, Hip-Hop",2026-09-18,pendiente
,Artista Independiente — FBG Duck,,,,,Medellin,Colombia,artista_independiente,music,https://www.last.fm/music/FBG+Duck,lastfm,61318,1068514,17.4,"drill, rap, Gangsta Rap",2026-09-18,pendiente
,Artista Independiente — Moh Baretta,,,,,Medellin,Colombia,artista_independiente,music,https://www.last.fm/music/Moh+Baretta,lastfm,56781,1795865,31.6,"plugg, drill, sample drill",2026-09-18,pendiente
,Artista Independiente — C Blu,,,,,Medellin,Colombia,artista_independiente,music,https://www.last.fm/music/C+Blu,lastfm,54479,1538173,28.2,"drill, rap, new york",2026-09-18,pendiente
,Artista Independiente — Lil Bibby,,,,,Medellin,Colombia,artista_independiente,music,https://www.last.fm/music/Lil+Bibby,lastfm,38607,615541,15.9,"drill, rap, Hip-Hop",2026-09-18,pendiente
,Artista Independiente — King Louie,,,,,Medellin,Colombia,artista_independiente,music,https://www.last.fm/music/King+Louie,lastfm,36901,477007,12.9,"drill, Hip-Hop, chicago",2026-09-18,pendiente
,Artista Independiente — Young Chop,,,,,Medellin,Colombia,artista_independiente,music,https://www.last.fm/music/Young+Chop,lastfm,33383,272425,8.2,"drill, Hip-Hop, trap",2026-09-18,pendiente
,Artista Independiente — KING LIL JAY,,,,,Medellin,Colombia,artista_independiente,music,https://www.last.fm/music/KING+LIL+JAY,lastfm,30756,654372,21.3,"drill, rap, hip hop",2026-09-18,pendiente
,Artista Independiente — RondoNumbaNine,,,,,Medellin,Colombia,artista_independiente,music,https://www.last.fm/music/RondoNumbaNine,lastfm,24863,406707,16.4,"drill, rap, chicago",2026-09-18,pendiente
,Artista Independiente — wintercastle,,,,,Medellin,Colombia,artista_independiente,music,https://www.last.fm/music/wintercastle,lastfm,21625,880263,40.7,"drill, bop, experimental",2026-09-18,pendiente
,Artista Independiente — gupi,,,,,Medellin,Colombia,artista_independiente,music,https://www.last.fm/music/gupi,lastfm,107867,2247903,20.8,"bubblegum bass, hyperpop, electronic",2026-09-18,pendiente
,Artista Independiente — KidSnorlax,,,,,Medellin,Colombia,artista_independiente,music,https://www.last.fm/music/KidSnorlax,lastfm,102683,2849286,27.7,"hyperpop, glitchcore, scenecore",2026-09-18,pendiente
,Artista Independiente — CAKE POP,,,,,Medellin,Colombia,artista_independiente,music,https://www.last.fm/music/CAKE+POP,lastfm,102477,1813071,17.7,"hyperpop, electronic, United States",2026-09-18,pendiente
,Artista Independiente — fraxiom,,,,,Medellin,Colombia,artista_independiente,music,https://www.last.fm/music/fraxiom,lastfm,99597,1812846,18.2,"hyperpop, glitchcore, bubblegum bass",2026-09-18,pendiente
,Artista Independiente — Maple,,,,,Medellin,Colombia,artista_independiente,music,https://www.last.fm/music/Maple,lastfm,97448,1494062,15.3,"hardcore, hyperpop, Nightcore",2026-09-18,pendiente
,Artista Independiente — Tsu Nami,,,,,Medellin,Colombia,artista_independiente,music,https://www.last.fm/music/Tsu+Nami,lastfm,91029,707620,7.8,"hyperpop, pop, indie pop",2026-09-18,pendiente
,Artista Independiente — Tommy Fleece,,,,,Medellin,Colombia,artista_independiente,music,https://www.last.fm/music/Tommy+Fleece,lastfm,88745,1757915,19.8,"hyperpop, Electroclash, experimental",2026-09-18,pendiente
,Artista Independiente — heylog,,,,,Medellin,Colombia,artista_independiente,music,https://www.last.fm/music/heylog,lastfm,83075,14719364,177.2,"hyperpop, emo rap, experimental",2026-09-18,pendiente
,Artista Independiente — six impala,,,,,Medellin,Colombia,artista_independiente,music,https://www.last.fm/music/six+impala,lastfm,83059,1865951,22.5,"electronic, experimental, hyperpop",2026-09-18,pendiente
,Artista Independiente — Saiah,,,,,Medellin,Colombia,artista_independiente,music,https://www.last.fm/music/Saiah,lastfm,79953,963699,12.1,"hyperpop, punk, pop",2026-09-18,pendiente
,Artista Independiente — tv room,,,,,Medellin,Colombia,artista_independiente,music,https://www.last.fm/music/tv+room,lastfm,77438,1808275,23.4,"indie pop, hyperpop, pop",2026-09-18,pendiente
,Artista Independiente — recovery girl,,,,,Medellin,Colombia,artista_independiente,music,https://www.last.fm/music/recovery+girl,lastfm,76776,1060569,13.8,"hyperpop, bubblegum bass, idm",2026-09-18,pendiente
,Artista Independiente — blxty,,,,,Medellin,Colombia,artista_independiente,music,https://www.last.fm/music/blxty,lastfm,74270,4439010,59.8,"digicore, hyperpop, cloud rap",2026-09-18,pendiente
,Artista Independiente — dltzk,,,,,Medellin,Colombia,artista_independiente,music,https://www.last.fm/music/dltzk,lastfm,70574,2443023,34.6,"hyperpop, digicore, indietronica",2026-09-18,pendiente
,Artista Independiente — Saoirse Dream,,,,,Medellin,Colombia,artista_independiente,music,https://www.last.fm/music/Saoirse+Dream,lastfm,68940,2312443,33.5,"hyperpop, bitpop, emo-pop",2026-09-18,pendiente
,Artista Independiente — Ennaria,,,,,Medellin,Colombia,artista_independiente,music,https://www.last.fm/music/Ennaria,lastfm,66865,1306949,19.5,"hyperpop, metalcore, pop",2026-09-18,pendiente
,Artista Independiente — Domiziana,,,,,Medellin,Colombia,artista_independiente,music,https://www.last.fm/music/Domiziana,lastfm,66550,1108382,16.7,"hyperpop, german, booba",2026-09-18,pendiente
,Artista Independiente — webcage,,,,,Medellin,Colombia,artista_independiente,music,https://www.last.fm/music/webcage,lastfm,64972,1997780,30.7,"hyperpop, pop, electropop",2026-09-18,pendiente
,Artista Independiente — Rakky Ripper,,,,,Medellin,Colombia,artista_independiente,music,https://www.last.fm/music/Rakky+Ripper,lastfm,44019,1325725,30.1,"hyperpop, bubblegum bass, electropop",2026-09-18,pendiente
,Artista Independiente — Can Of Bliss,,,,,Medellin,Colombia,artista_independiente,music,https://www.last.fm/music/Can+Of+Bliss,lastfm,42287,927751,21.9,"hyperpop, furry, pop punk",2026-09-18,pendiente
,Artista Independiente — XTINA GG,,,,,Medellin,Colombia,artista_independiente,music,https://www.last.fm/music/XTINA+GG,lastfm,40207,417711,10.4,"hyperpop, pop, los angeles",2026-09-18,pendiente
,Artista Independiente — Petal Supply,,,,,Medellin,Colombia,artista_independiente,music,https://www.last.fm/music/Petal+Supply,lastfm,38871,428473,11.0,"hyperpop, electronic, canada",2026-09-18,pendiente
,Artista Independiente — STYXVII,,,,,Medellin,Colombia,artista_independiente,music,https://www.last.fm/music/STYXVII,lastfm,37780,1832496,48.5,"glitchcore, hyperpop, pop",2026-09-18,pendiente
,Artista Independiente — DJ Re:code,,,,,Medellin,Colombia,artista_independiente,music,https://www.last.fm/music/DJ+Re:code,lastfm,35142,717799,20.4,"hyperpop, digicore, new york",2026-09-18,pendiente
,Artista Independiente — Agatka Iskra,,,,,Medellin,Colombia,artista_independiente,music,https://www.last.fm/music/Agatka+Iskra,lastfm,30846,313439,10.2,"hyperpop, Electronic Pop, Rave",2026-09-18,pendiente
,Artista Independiente — Starkids,,,,,Medellin,Colombia,artista_independiente,music,https://www.last.fm/music/Starkids,lastfm,30147,936547,31.1,"hyperpop, japan, j-pop",2026-09-18,pendiente
,Artista Independiente — Snuffles,,,,,Medellin,Colombia,artista_independiente,music,https://www.last.fm/music/Snuffles,lastfm,27257,1420436,52.1,"furry, hyperpop, downtempo",2026-09-18,pendiente
,Artista Independiente — CUPSIZE,,,,,Medellin,Colombia,artista_independiente,music,https://www.last.fm/music/CUPSIZE,lastfm,26973,2921127,108.3,"hyperpop, russian, Grunge",2026-09-18,pendiente
,Artista Independiente — pinponpanpon,,,,,Medellin,Colombia,artista_independiente,music,https://www.last.fm/music/pinponpanpon,lastfm,26573,1010647,38.0,"hyperpop, JPop, j-pop",2026-09-18,pendiente
,Artista Independiente — Théa,,,,,Medellin,Colombia,artista_independiente,music,https://www.last.fm/music/Th%C3%A9a,lastfm,19197,1261596,65.7,"hyperpop, punk, female vocalists",2026-09-18,pendiente
,Artista Independiente — Arlene MC,,,,,Medellin,Colombia,artista_independiente,music,https://www.last.fm/music/Arlene+MC,lastfm,99403,854854,8.6,"dembow, USA, Latin Urban",2026-09-18,pendiente
,Artista Independiente — Kevin AMF,,,,,Medellin,Colombia,artista_independiente,music,https://www.last.fm/music/Kevin+AMF,lastfm,74072,1353342,18.3,"Reggaeton, mexico, dembow",2026-09-18,pendiente
,Artista Independiente — Atomic Otro Way,,,,,Medellin,Colombia,artista_independiente,music,https://www.last.fm/music/Atomic+Otro+Way,lastfm,72432,580228,8.0,dembow,2026-09-18,pendiente
,Artista Independiente — Jezzy,,,,,Medellin,Colombia,artista_independiente,music,https://www.last.fm/music/Jezzy,lastfm,70303,751609,10.7,dembow,2026-09-18,pendiente
,Artista Independiente — Lirico En La Casa,,,,,Medellin,Colombia,artista_independiente,music,https://www.last.fm/music/Lirico+En+La+Casa,lastfm,59573,506909,8.5,"dembow, dominican republic",2026-09-18,pendiente
,Artista Independiente — Shelow Shaq,,,,,Medellin,Colombia,artista_independiente,music,https://www.last.fm/music/Shelow+Shaq,lastfm,52023,328846,6.3,"latino, hip hop, Dominican",2026-09-18,pendiente
,Artista Independiente — Donaty,,,,,Medellin,Colombia,artista_independiente,music,https://www.last.fm/music/Donaty,lastfm,49469,556751,11.3,dembow,2026-09-18,pendiente
,Artista Independiente — Yomel El Meloso,,,,,Medellin,Colombia,artista_independiente,music,https://www.last.fm/music/Yomel+El+Meloso,lastfm,44112,249896,5.7,"dominican republic, latin, dembow",2026-09-18,pendiente
,Artista Independiente — Yoan Retro,,,,,Medellin,Colombia,artista_independiente,music,https://www.last.fm/music/Yoan+Retro,lastfm,32767,236622,7.2,dembow,2026-09-18,pendiente
,Artista Independiente — Wilo D New,,,,,Medellin,Colombia,artista_independiente,music,https://www.last.fm/music/Wilo+D+New,lastfm,30321,115414,3.8,"dembow, Dominican",2026-09-18,pendiente
,Artista Independiente — Treintisiete,,,,,Medellin,Colombia,artista_independiente,music,https://www.last.fm/music/Treintisiete,lastfm,29457,260295,8.8,"dominican republic, Dominican, dembow",2026-09-18,pendiente
,Artista Independiente — Braulio Fogon,,,,,Medellin,Colombia,artista_independiente,music,https://www.last.fm/music/Braulio+Fogon,lastfm,26862,267277,10.0,"dembow, dominican republic, Dembow Dominicano",2026-09-18,pendiente
,Artista Independiente — ANGEL DIOR,,,,,Medellin,Colombia,artista_independiente,music,https://www.last.fm/music/ANGEL+DIOR,lastfm,25294,185890,7.3,"dembow, Dominican",2026-09-18,pendiente
,Artista Independiente — Haraca Kiko,,,,,Medellin,Colombia,artista_independiente,music,https://www.last.fm/music/Haraca+Kiko,lastfm,25248,160952,6.4,dembow,2026-09-18,pendiente
,Artista Independiente — La Perversa,,,,,Medellin,Colombia,artista_independiente,music,https://www.last.fm/music/La+Perversa,lastfm,24970,306781,12.3,"dembow, Reggaeton, dominican republic",2026-09-18,pendiente
,Artista Independiente — Ezzy R,,,,,Medellin,Colombia,artista_independiente,music,https://www.last.fm/music/Ezzy+R,lastfm,22611,203427,9.0,dembow,2026-09-18,pendiente
,Artista Independiente — DJ ADONI,,,,,Medellin,Colombia,artista_independiente,music,https://www.last.fm/music/DJ+ADONI,lastfm,22328,318204,14.3,dembow,2026-09-18,pendiente
,Artista Independiente — El Futuro Fuera de Orbita,,,,,Medellin,Colombia,artista_independiente,music,https://www.last.fm/music/El+Futuro+Fuera+de+Orbita,lastfm,22264,264603,11.9,"dembow, trap",2026-09-18,pendiente
,Artista Independiente — El Cherry Scom,,,,,Medellin,Colombia,artista_independiente,music,https://www.last.fm/music/El+Cherry+Scom,lastfm,22155,141466,6.4,dembow,2026-09-18,pendiente
,"Artista Independiente — Secreto ""El Famoso Biberon""",,,,,Medellin,Colombia,artista_independiente,music,https://www.last.fm/music/Secreto+%22El+Famoso+Biberon%22,lastfm,21319,145281,6.8,"rumba, Reggaeton, dembow",2026-09-18,pendiente
,Artista Independiente — Chaki Bley,,,,,Medellin,Colombia,artista_independiente,music,https://www.last.fm/music/Chaki+Bley,lastfm,20335,133907,6.6,"dembow, dominican republic",2026-09-18,pendiente
,Artista Independiente — RONNY GTA,,,,,Medellin,Colombia,artista_independiente,music,https://www.last.fm/music/RONNY+GTA,lastfm,20111,224941,11.2,dembow,2026-09-18,pendiente
,Artista Independiente — La Materialista,,,,,Medellin,Colombia,artista_independiente,music,https://www.last.fm/music/La+Materialista,lastfm,18773,119291,6.4,"dembow, pop, bachata",2026-09-18,pendiente
,Artista Independiente — Mestizo Is Back,,,,,Medellin,Colombia,artista_independiente,music,https://www.last.fm/music/Mestizo+Is+Back,lastfm,15541,152338,9.8,dembow,2026-09-18,pendiente
,Artista Independiente — La Mas Doll,,,,,Medellin,Colombia,artista_independiente,music,https://www.last.fm/music/La+Mas+Doll,lastfm,13130,372653,28.4,dembow,2026-09-18,pendiente
,Artista Independiente — mhtresuno,,,,,Medellin,Colombia,artista_independiente,music,https://www.last.fm/music/mhtresuno,lastfm,12747,183026,14.4,"argentina, funk, dembow",2026-09-18,pendiente
,Artista Independiente — Monkey Black,,,,,Medellin,Colombia,artista_independiente,music,https://www.last.fm/music/Monkey+Black,lastfm,9597,71616,7.5,"latino, hip hop, dembow",2026-09-18,pendiente
,Artista Independiente — Amenazzy,,,,,Medellin,Colombia,artista_independiente,music,https://www.last.fm/music/Amenazzy,lastfm,118617,1534534,12.9,"dominican republic, latin, rd",2026-09-18,pendiente
,Artista Independiente — Soto Asa,,,,,Medellin,Colombia,artista_independiente,music,https://www.last.fm/music/Soto+Asa,lastfm,74275,4222720,56.9,"Reggaeton, trap, Rave",2026-09-18,pendiente
,Artista Independiente — Noriel,,,,,Medellin,Colombia,artista_independiente,music,https://www.last.fm/music/Noriel,lastfm,73425,791497,10.8,"Latin Trap, puerto rico",2026-09-18,pendiente
,Artista Independiente — Juhn,,,,,Medellin,Colombia,artista_independiente,music,https://www.last.fm/music/Juhn,lastfm,63039,789786,12.5,"latin, puerto rico, Puerto Rican",2026-09-18,pendiente
,Artista Independiente — Seven Kayne,,,,,Medellin,Colombia,artista_independiente,music,https://www.last.fm/music/Seven+Kayne,lastfm,60839,2823709,46.4,"argentina, Reggaeton, Latin Trap",2026-09-18,pendiente
,Artista Independiente — Gonzalo Genek,,,,,Medellin,Colombia,artista_independiente,music,https://www.last.fm/music/Gonzalo+Genek,lastfm,42299,1436345,34.0,"Latin Trap, hip hop, afrobeat",2026-09-18,pendiente
,Artista Independiente — Prznt,,,,,Medellin,Colombia,artista_independiente,music,https://www.last.fm/music/Prznt,lastfm,33103,560943,16.9,"cuba, rap, trap",2026-09-18,pendiente
,Artista Independiente — Franky Style,,,,,Medellin,Colombia,artista_independiente,music,https://www.last.fm/music/Franky+Style,lastfm,30425,1039637,34.2,"argentina, trap, mdbcrew",2026-09-18,pendiente
,Artista Independiente — Oney1,,,,,Medellin,Colombia,artista_independiente,music,https://www.last.fm/music/Oney1,lastfm,27496,1440510,52.4,"argentina, rap, trap",2026-09-18,pendiente
,Artista Independiente — Young Martino,,,,,Medellin,Colombia,artista_independiente,music,https://www.last.fm/music/Young+Martino,lastfm,26296,223433,8.5,"hip hop, rap, Reggaeton",2026-09-18,pendiente
,Artista Independiente — Darkiel,,,,,Medellin,Colombia,artista_independiente,music,https://www.last.fm/music/Darkiel,lastfm,26199,1409230,53.8,"Latin Trap, Reggaeton",2026-09-18,pendiente
,Artista Independiente — Jantony,,,,,Medellin,Colombia,artista_independiente,music,https://www.last.fm/music/Jantony,lastfm,12355,60547,4.9,"urban, latin, trap",2026-09-18,pendiente
,Artista Independiente — Menor menor,,,,,Medellin,Colombia,artista_independiente,music,https://www.last.fm/music/Menor+menor,lastfm,10209,86717,8.5,"hONDURAS, Latin Trap",2026-09-18,pendiente
,Artista Independiente — ha$lopablito,,,,,Medellin,Colombia,artista_independiente,music,https://www.last.fm/music/ha$lopablito,lastfm,8109,112736,13.9,"colombian, rap, trap",2026-09-18,pendiente
,Artista Independiente — Juliito,,,,,Medellin,Colombia,artista_independiente,music,https://www.last.fm/music/Juliito,lastfm,8102,90923,11.2,"latin, puerto rico, Puerto Rican",2026-09-18,pendiente
